{"event":[{"query":{"id":[{"timestamp_usec":"1465564097689651"},{"timestamp_usec":"1465564107854583"}],"query_text":"what is my ip"}},{"query":{"id":[{"timestamp_usec":"1464545776973000"}],"query_text":"Facebook"}},{"query":{"id":[{"timestamp_usec":"1464519927543000"},{"timestamp_usec":"1464519928336000"}],"query_text":"pname:com.google.zxing.client.android"}},{"query":{"id":[{"timestamp_usec":"1464512332940911"}],"query_text":"online marketplace"}},{"query":{"id":[{"timestamp_usec":"1464511528334854"}],"query_text":"Usage"}},{"query":{"id":[{"timestamp_usec":"1464505716536938"},{"timestamp_usec":"1464505789592645"}],"query_text":"Privacy Policy"}},{"query":{"id":[{"timestamp_usec":"1464504707943854"}],"query_text":"what is my ip"}},{"query":{"id":[{"timestamp_usec":"1464504107298250"}],"query_text":"creative commons org au"}},{"query":{"id":[{"timestamp_usec":"1464500884241245"}],"query_text":"Google"}},{"query":{"id":[{"timestamp_usec":"1464460175930840"}],"query_text":"what is my ip"}},{"query":{"id":[{"timestamp_usec":"1464442890931000"},{"timestamp_usec":"1464442899069000"},{"timestamp_usec":"1464443140543000"},{"timestamp_usec":"1464443144303000"}],"query_text":"pub:Arytan Technologies OPC Pvt. Ltd."}},{"query":{"id":[{"timestamp_usec":"1464404952739930"}],"query_text":"google support"}},{"query":{"id":[{"timestamp_usec":"1464404904555787"}],"query_text":"support"}},{"query":{"id":[{"timestamp_usec":"1464397045440000"}],"query_text":"Facebook "}},{"query":{"id":[{"timestamp_usec":"1464346722257409"},{"timestamp_usec":"1464346774168605"},{"timestamp_usec":"1464346813173167"},{"timestamp_usec":"1464346840781730"},{"timestamp_usec":"1464346901332720"},{"timestamp_usec":"1464347122586914"},{"timestamp_usec":"1464347209492944"},{"timestamp_usec":"1464347213212604"}],"query_text":"gpoaccess gov presdocs 2009 DCPD200900010"}},{"query":{"id":[{"timestamp_usec":"1464322550468407"}],"query_text":"lara medical centre"}},{"query":{"id":[{"timestamp_usec":"1464303644936191"}],"query_text":"local time"}},{"query":{"id":[{"timestamp_usec":"1464090929430964"}],"query_text":"cats cute"}},{"query":{"id":[{"timestamp_usec":"1463992230201842"}],"query_text":"lara medical centre"}},{"query":{"id":[{"timestamp_usec":"1463991883125283"}],"query_text":"lara medical centre forest rd"}},{"query":{"id":[{"timestamp_usec":"1463744836490000"}],"query_text":"ui cleaner"}},{"query":{"id":[{"timestamp_usec":"1463743236414000"},{"timestamp_usec":"1463744056321000"}],"query_text":"music downloader free"}},{"query":{"id":[{"timestamp_usec":"1463737570096000"},{"timestamp_usec":"1463737584267000"}],"query_text":"music downloader free"}},{"query":{"id":[{"timestamp_usec":"1463603347543000"},{"timestamp_usec":"1463603358966000"},{"timestamp_usec":"1463603367894000"},{"timestamp_usec":"1463603376763000"},{"timestamp_usec":"1463603376980000"},{"timestamp_usec":"1463603377459000"},{"timestamp_usec":"1463603459648000"}],"query_text":"free music downloads"}},{"query":{"id":[{"timestamp_usec":"1463603272779000"}],"query_text":"top free music downloads"}},{"query":{"id":[{"timestamp_usec":"1463514186349090"},{"timestamp_usec":"1463514255548019"},{"timestamp_usec":"1463514354081170"}],"query_text":"what is my ip"}},{"query":{"id":[{"timestamp_usec":"1462949614208783"}],"query_text":"-38.2070856 144.3112401"}},{"query":{"id":[{"timestamp_usec":"1462941210041190"},{"timestamp_usec":"1462941218600809"}],"query_text":"-38.2070856 144.3112401"}},{"query":{"id":[{"timestamp_usec":"1462915304434500"},{"timestamp_usec":"1462915354919122"},{"timestamp_usec":"1462917078461000"}],"query_text":"OK Google"}},{"query":{"id":[{"timestamp_usec":"1462904170350309"}],"query_text":"define maintenance"}},{"query":{"id":[{"timestamp_usec":"1462904110354647"}],"query_text":"support"}},{"query":{"id":[{"timestamp_usec":"1462902212330442"}],"query_text":"site:wikipedia.org"}},{"query":{"id":[{"timestamp_usec":"1462890215070532"}],"query_text":"localhost man man2html"}},{"query":{"id":[{"timestamp_usec":"1462676238865000"}],"query_text":"hidemyass pro"}},{"query":{"id":[{"timestamp_usec":"1462672550588540"}],"query_text":"creativecommons.org.au"}},{"query":{"id":[{"timestamp_usec":"1462672530776146"}],"query_text":"creative commons org au"}},{"query":{"id":[{"timestamp_usec":"1462663926531000"}],"query_text":"hidemyass pro"}},{"query":{"id":[{"timestamp_usec":"1462627543425000"},{"timestamp_usec":"1462627543599000"}],"query_text":"du antivirus "}},{"query":{"id":[{"timestamp_usec":"1462385087917247"},{"timestamp_usec":"1462385819631391"},{"timestamp_usec":"1462386151845907"},{"timestamp_usec":"1462386170141101"},{"timestamp_usec":"1462386181212585"},{"timestamp_usec":"1462386205869000"},{"timestamp_usec":"1462386265232000"},{"timestamp_usec":"1462386272920912"},{"timestamp_usec":"1462386283715687"},{"timestamp_usec":"1462386307976409"},{"timestamp_usec":"1462386344592395"},{"timestamp_usec":"1462387378163392"},{"timestamp_usec":"1462387378262206"},{"timestamp_usec":"1462387378268757"},{"timestamp_usec":"1462387403158759"},{"timestamp_usec":"1462387429313016"}],"query_text":"weather"}},{"query":{"id":[{"timestamp_usec":"1461778378634059"},{"timestamp_usec":"1461778410003829"}],"query_text":"site:www.google.com"}},{"query":{"id":[{"timestamp_usec":"1461772734216025"}],"query_text":"what is my ip"}},{"query":{"id":[{"timestamp_usec":"1461394585506000"}],"query_text":"facebook"}}]}